{
  "project_info": {
    "project_number": "863246300741",
    "firebase_url": "https://magickfinal-default-rtdb.firebaseio.com",
    "project_id": "magickfinal",
    "storage_bucket": "magickfinal.appspot.com"
  },
  "client": [
    {
      "client_info": {
        "mobilesdk_app_id": "1:863246300741:android:889821f58e8172ba0b152c",
        "android_client_info": {
          "package_name": "com.example.magickfinaljesus"
        }
      },
      "oauth_client": [
        {
          "client_id": "863246300741-9lu1gr3vuo1efu1ukiskqsut6jmjtfdl.apps.googleusercontent.com",
          "client_type": 3
        }
      ],
      "api_key": [
        {
          "current_key": "AIzaSyAkttxWoMFafsjTvxgwXIns548lOMmZPpE"
        }
      ],
      "services": {
        "appinvite_service": {
          "other_platform_oauth_client": [
            {
              "client_id": "863246300741-9lu1gr3vuo1efu1ukiskqsut6jmjtfdl.apps.googleusercontent.com",
              "client_type": 3
            }
          ]
        }
      }
    }
  ],
  "configuration_version": "1"
}